<favourites>
    <favourite name="4K Movies" thumb="/sdcard/Android/data/org.xbmc.kodi/files/.kodi/userdata/FavThumbs/4K Movies.png">ActivateWindow(10025,&quot;plugin://plugin.googledrive/?action=_list_drive&amp;content_type=video&amp;driveid=0AP80d7Hs3xUJUk9PVA&quot;,return)</favourite>
    <favourite name="Anime Series" thumb="/sdcard/Android/data/org.xbmc.kodi/files/.kodi/userdata/FavThumbs/Anime Series.png">ActivateWindow(10025,&quot;plugin://plugin.googledrive/?action=_list_drive&amp;content_type=video&amp;driveid=0ABoxsqVtxNySUk9PVA&quot;,return)</favourite>
    <favourite name="Drama Korea" thumb="/sdcard/Android/data/org.xbmc.kodi/files/.kodi/userdata/FavThumbs/Drama Korea.png">ActivateWindow(10025,&quot;plugin://plugin.googledrive/?action=_list_drive&amp;content_type=video&amp;driveid=0AEIrVCEjbwbxUk9PVA&quot;,return)</favourite>
    <favourite name="Film Indonesia" thumb="/sdcard/Android/data/org.xbmc.kodi/files/.kodi/userdata/FavThumbs/Film Indonesia.png">ActivateWindow(10025,&quot;plugin://plugin.googledrive/?action=_list_drive&amp;content_type=video&amp;driveid=0AL0DwJDGjXMZUk9PVA&quot;,return)</favourite>
    <favourite name="FilmBoxOffice" thumb="/sdcard/Android/data/org.xbmc.kodi/files/.kodi/userdata/FavThumbs/FilmBoxOffice.png">ActivateWindow(10025,&quot;plugin://plugin.googledrive/?action=_list_drive&amp;content_type=video&amp;driveid=0AByrtWaOJZ_0Uk9PVA&quot;,return)</favourite>
    <favourite name="Serial &amp; Kartun" thumb="/sdcard/Android/data/org.xbmc.kodi/files/.kodi/userdata/FavThumbs/Serial &amp; Kartun.png">ActivateWindow(10025,&quot;plugin://plugin.googledrive/?action=_list_drive&amp;content_type=video&amp;driveid=0AMv_MJJGwm1OUk9PVA&quot;,return)</favourite>
    <favourite name="TV &amp; Netflix Series" thumb="/sdcard/Android/data/org.xbmc.kodi/files/.kodi/userdata/FavThumbs/TV &amp; Netflix Series.png">ActivateWindow(10025,&quot;plugin://plugin.googledrive/?action=_list_drive&amp;content_type=video&amp;driveid=0AIPAgdMkSrEBUk9PVA&quot;,return)</favourite>
</favourites>