<favourites>
    <favourite name="4K Movies" thumb="C:\ProgramData\KodiThumb\FavThumbs\4K Movies.png">ActivateWindow(10025,&quot;plugin://plugin.googledrive/?action=_list_drive&amp;content_type=video&amp;driveid=0AP80d7Hs3xUJUk9PVA&quot;,return)</favourite>
    <favourite name="Anime Series" thumb="C:\ProgramData\KodiThumb\FavThumbs\Anime Series.png">ActivateWindow(10025,&quot;plugin://plugin.googledrive/?action=_list_drive&amp;content_type=video&amp;driveid=0AGsvX_-VDvwRUk9PVA&quot;,return)</favourite>
    <favourite name="Drama Korea" thumb="C:\ProgramData\KodiThumb\FavThumbs\Drama Korea.png">ActivateWindow(10025,&quot;plugin://plugin.googledrive/?action=_list_drive&amp;content_type=video&amp;driveid=0AEIrVCEjbwbxUk9PVA&quot;,return)</favourite>
    <favourite name="Film Indonesia" thumb="C:\ProgramData\KodiThumb\FavThumbs\Film Indonesia.png">ActivateWindow(10025,&quot;plugin://plugin.googledrive/?action=_list_drive&amp;content_type=video&amp;driveid=0AAyNyZhYBiEUUk9PVA&quot;,return)</favourite>
    <favourite name="FilmBoxOffice" thumb="C:\ProgramData\KodiThumb\FavThumbs\FilmBoxOffice.png">ActivateWindow(10025,&quot;plugin://plugin.googledrive/?action=_list_drive&amp;content_type=video&amp;driveid=0AMJAAArvy2DQUk9PVA&quot;,return)</favourite>
    <favourite name="Serial &amp; Kartun" thumb="C:\ProgramData\KodiThumb\FavThumbs\Serial &amp; Kartun.png">ActivateWindow(10025,&quot;plugin://plugin.googledrive/?action=_list_drive&amp;content_type=video&amp;driveid=0AHWiKvk-LMcwUk9PVA&quot;,return)</favourite>
    <favourite name="TV &amp; Netflix Series" thumb="C:\ProgramData\KodiThumb\FavThumbs\TV &amp; Netflix Series.png">ActivateWindow(10025,&quot;plugin://plugin.googledrive/?action=_list_drive&amp;content_type=video&amp;driveid=0AHSKlq6XSMoxUk9PVA&quot;,return)</favourite>
</favourites>