<favourites>
    <favourite name="FilmBoxOffice" thumb="/storage/emulated/0/Android/data/org.xbmc.kodi/files/.kodi/userdata/fboid-thumbnail/fbo-01.png">ActivateWindow(10025,&quot;plugin://plugin.googledrive/?action=_list_drive&amp;content_type=video&amp;driveid=0ALX0VwORlRQvUk9PVA&quot;,return)</favourite>
    <favourite name="TV &amp; Netflix Series" thumb="/storage/emulated/0/Android/data/org.xbmc.kodi/files/.kodi/userdata/fboid-thumbnail/fbo-02.png">ActivateWindow(10025,&quot;plugin://plugin.googledrive/?action=_list_drive&amp;content_type=video&amp;driveid=0AAkDcvNhdQ5rUk9PVA&quot;,return)</favourite>
    <favourite name="Film Indonesia" thumb="/storage/emulated/0/Android/data/org.xbmc.kodi/files/.kodi/userdata/fboid-thumbnail/fbo-03.png">ActivateWindow(10025,&quot;plugin://plugin.googledrive/?action=_list_drive&amp;content_type=video&amp;driveid=0ACBZEc-jyl0wUk9PVA&quot;,return)</favourite>
    <favourite name="Drama Korea" thumb="/storage/emulated/0/Android/data/org.xbmc.kodi/files/.kodi/userdata/fboid-thumbnail/fbo-04.png">ActivateWindow(10025,&quot;plugin://plugin.googledrive/?action=_list_drive&amp;content_type=video&amp;driveid=0AAEsH-UfxpyZUk9PVA&quot;,return)</favourite>
    <favourite name="Anime Series" thumb="/storage/emulated/0/Android/data/org.xbmc.kodi/files/.kodi/userdata/fboid-thumbnail/fbo-05.png">ActivateWindow(10025,&quot;plugin://plugin.googledrive/?action=_list_drive&amp;content_type=video&amp;driveid=0AMv_MJJGwm1OUk9PVA&quot;,return)</favourite>
    <favourite name="Serial &amp; Kartun" thumb="/storage/emulated/0/Android/data/org.xbmc.kodi/files/.kodi/userdata/fboid-thumbnail/fbo-06.png">ActivateWindow(10025,&quot;plugin://plugin.googledrive/?action=_list_drive&amp;content_type=video&amp;driveid=0AMXHKwMGy7sVUk9PVA&quot;,return)</favourite>
    <favourite name="4K Movies" thumb="/storage/emulated/0/Android/data/org.xbmc.kodi/files/.kodi/userdata/fboid-thumbnail/fbo-07.png">ActivateWindow(10025,&quot;plugin://plugin.googledrive/?action=_list_drive&amp;content_type=video&amp;driveid=0AMJAAArvy2DQUk9PVA&quot;,return)</favourite>
</favourites>
