<favourites>
    <favourite name="4K Movies" thumb="C:\ProgramData\KodiThumb\FavThumbs\4K Movies.png">ActivateWindow(10025,&quot;plugin://plugin.googledrive/?action=_list_drive&amp;content_type=video&amp;driveid=0AP80d7Hs3xUJUk9PVA&quot;,return)</favourite>
    <favourite name="Anime Series" thumb="C:\ProgramData\KodiThumb\FavThumbs\Anime Series.png">ActivateWindow(10025,&quot;plugin://plugin.googledrive/?action=_list_drive&amp;content_type=video&amp;driveid=0AAiZhrDEjH4wUk9PVA&quot;,return)</favourite>
    <favourite name="Drama Korea" thumb="C:\ProgramData\KodiThumb\FavThumbs\Drama Korea.png">ActivateWindow(10025,&quot;plugin://plugin.googledrive/?action=_list_drive&amp;content_type=video&amp;driveid=0AEIrVCEjbwbxUk9PVA&quot;,return)</favourite>
    <favourite name="Film Indonesia" thumb="C:\ProgramData\KodiThumb\FavThumbs\Film Indonesia.png">ActivateWindow(10025,&quot;plugin://plugin.googledrive/?action=_list_drive&amp;content_type=video&amp;driveid=0AHopF2qZ9319Uk9PVA&quot;,return)</favourite>
    <favourite name="FilmBoxOffice" thumb="C:\ProgramData\KodiThumb\FavThumbs\FilmBoxOffice.png">ActivateWindow(10025,&quot;plugin://plugin.googledrive/?action=_list_drive&amp;content_type=video&amp;driveid=0AByrtWaOJZ_0Uk9PVA&quot;,return)</favourite>
    <favourite name="Serial &amp; Kartun" thumb="C:\ProgramData\KodiThumb\FavThumbs\Serial &amp; Kartun.png">ActivateWindow(10025,&quot;plugin://plugin.googledrive/?action=_list_drive&amp;content_type=video&amp;driveid=0AMv_MJJGwm1OUk9PVA&quot;,return)</favourite>
    <favourite name="TV &amp; Netflix Series" thumb="C:\ProgramData\KodiThumb\FavThumbs\TV &amp; Netflix Series.png">ActivateWindow(10025,&quot;plugin://plugin.googledrive/?action=_list_drive&amp;content_type=video&amp;driveid=0AJ7mxwfU-PBPUk9PVA&quot;,return)</favourite>
</favourites>
