<favourites>
    <favourite name="FilmBoxOffice" thumb="/storage/emulated/0/Android/data/org.xbmc.kodi/files/.kodi/userdata/fboid-thumbnail/fbo-01.png">ActivateWindow(10025,&quot;plugin://plugin.googledrive/?action=_list_drive&amp;content_type=video&amp;driveid=0ABTkdh5TrTOKUk9PVA&quot;,return)</favourite>
    <favourite name="TV &amp; Netflix Series" thumb="/storage/emulated/0/Android/data/org.xbmc.kodi/files/.kodi/userdata/fboid-thumbnail/fbo-02.png">ActivateWindow(10025,&quot;plugin://plugin.googledrive/?action=_list_drive&amp;content_type=video&amp;driveid=0ALE8Qj2T5Ah_Uk9PVA&quot;,return)</favourite>
    <favourite name="Film Indonesia" thumb="/storage/emulated/0/Android/data/org.xbmc.kodi/files/.kodi/userdata/fboid-thumbnail/fbo-03.png">ActivateWindow(10025,&quot;plugin://plugin.googledrive/?action=_list_drive&amp;content_type=video&amp;driveid=0AAyNyZhYBiEUUk9PVA&quot;,return)</favourite>
    <favourite name="Drama Korea" thumb="/storage/emulated/0/Android/data/org.xbmc.kodi/files/.kodi/userdata/fboid-thumbnail/fbo-04.png">ActivateWindow(10025,&quot;plugin://plugin.googledrive/?action=_list_drive&amp;content_type=video&amp;driveid=0AMnbCfw_UJfrUk9PVA&quot;,return)</favourite>
    <favourite name="Anime Series" thumb="/storage/emulated/0/Android/data/org.xbmc.kodi/files/.kodi/userdata/fboid-thumbnail/fbo-05.png">ActivateWindow(10025,&quot;plugin://plugin.googledrive/?action=_list_drive&amp;content_type=video&amp;driveid=0AD5Q4meJEm5MUk9PVA&quot;,return)</favourite>
    <favourite name="Serial &amp; Kartun" thumb="/storage/emulated/0/Android/data/org.xbmc.kodi/files/.kodi/userdata/fboid-thumbnail/fbo-06.png">ActivateWindow(10025,&quot;plugin://plugin.googledrive/?action=_list_drive&amp;content_type=video&amp;driveid=0AHWiKvk-LMcwUk9PVA&quot;,return)</favourite>
    <favourite name="4K Movies" thumb="/storage/emulated/0/Android/data/org.xbmc.kodi/files/.kodi/userdata/fboid-thumbnail/fbo-07.png">ActivateWindow(10025,&quot;plugin://plugin.googledrive/?action=_list_drive&amp;content_type=video&amp;driveid=0AP80d7Hs3xUJUk9PVA&quot;,return)</favourite>
</favourites>
